Domain,Full Name,Title,LinkedIn Profile
https://x.ai,Christian Szegedy,Co-Founder,http://www.linkedin.com/in/christian-szegedy-bb284816
https://x.ai,Yuhuai Wu,Co-Founder,http://www.linkedin.com/in/yuhuai-tony-wu-02a641b5
https://x.ai,Omuer Binguel,CEO,http://www.linkedin.com/in/%c3%b6m%c3%bcr-bing%c3%bcl-5b1618305
https://helloalice.com,Carolyn Rodz,Co-Founder & CEO,http://www.linkedin.com/in/carolynrodz
https://helloalice.com,Elizabeth Gore,President & Co Founder,http://www.linkedin.com/in/elizabethmgore
https://helloalice.com,Jillian Benvenuti,Chief of Staff,http://www.linkedin.com/in/jillbenvenuti
https://helloalice.com,Kelsey Ruger,CTO,http://www.linkedin.com/in/kelseyruger
https://helloalice.com,John Zeren,VP of Engineering,http://www.linkedin.com/in/john-zeren-7591ba53
https://www.binarly.io/,,,
https://www.together.ai,Ce Zhang,"Co-Founder, CTO",http://www.linkedin.com/in/ce-zhang-6aa37419
https://www.together.ai,Vipul Prakash,Co-Founder & CEO,http://www.linkedin.com/in/vipulved
https://www.together.ai,Albert Meixner,Senior Vice President of Engineering,http://www.linkedin.com/in/albert-meixner-74679a1b
https://www.together.ai,Charles Srisuwananukorn,VP of Engineering,http://www.linkedin.com/in/csris
https://www.together.ai,Robinson Ospina,Talent Specialist,http://www.linkedin.com/in/robinson-ospina
https://legion.co,Francine Pacheco,Talent Partner,http://www.linkedin.com/in/francine-pacheco-226177323
https://legion.co,Lisa Choi,Head Of Global Talent Management,http://www.linkedin.com/in/lisakchoi
https://legion.co,Sanish Mondkar,Founder & CEO,http://www.linkedin.com/in/sanish
https://legion.co,Tiffany Chelsvig,"SVP, People Operations",http://www.linkedin.com/in/tiffanychelsvig
https://legion.co,Harsha Dantu,Engineering Director,http://www.linkedin.com/in/sriharshadv
https://legion.co,Tanvi Shah,Director of Engineering,http://www.linkedin.com/in/tanvis
https://www.warpstream.com,,,
https://www.aerodome.com,,,
https://www.ioncleanenergy.com/,Buz Brown,Founder & Executive Chairman,http://www.linkedin.com/in/buz-brown-aba41812
https://www.ioncleanenergy.com/,Ben Gurtler,COO,http://www.linkedin.com/in/ben-gurtler-6a350425
https://www.ioncleanenergy.com/,Erik Meuleman,CTO,http://www.linkedin.com/in/erik-meuleman-84b5088
https://www.ioncleanenergy.com/,Andrew Awtry,Senior Vice President of Engineering,http://www.linkedin.com/in/andrew-awtry-40b7b499
http://www.nironmagnetics.com,John Larson,Chief Operating Officer,http://www.linkedin.com/in/johnmlarson
http://www.nironmagnetics.com,Jonathan Rowntree,Chief Executive Officer,http://www.linkedin.com/in/jonathan-rowntree-72b5019
http://www.nironmagnetics.com,David Northall,Vice President Of Global Operations,http://www.linkedin.com/in/david-northall-3458046
https://auradine.com,Barun K.,Founder & COO,http://www.linkedin.com/in/barun-k-ba48b01
https://auradine.com,Rajiv Khemani,"Co-founder, President and CEO",http://www.linkedin.com/in/rajivkhemani
https://auradine.com,Amal Bommireddy,Vice President of Engineering,http://www.linkedin.com/in/amal-bommireddy-00419a5
https://auradine.com,Stone Li,Director of Engineering,http://www.linkedin.com/in/stoneli
https://movementlabs.xyz/,,,
https://dapps-eigenlayer.xyz,Alvaro Cadena,Talent Partner/Consultant,http://www.linkedin.com/in/cadenaalvaro
https://dapps-eigenlayer.xyz,Grady Zieglowsky,Talent Partner / Consultant,http://www.linkedin.com/in/grady-zieglowsky-43a681121
https://dapps-eigenlayer.xyz,Grace Hartley,Chief of Staff,http://www.linkedin.com/in/grace-hartley53
https://dapps-eigenlayer.xyz,Chris Dury,Chief Operating Officer,http://www.linkedin.com/in/chrisdury
https://dapps-eigenlayer.xyz,Sreeram Kannan,Chief Executive Officer,http://www.linkedin.com/in/sreeram-kannan-a397a47
https://dapps-eigenlayer.xyz,Caleb Tebbe,Director of Engineering,http://www.linkedin.com/in/caleb-tebbe-7a25b465
https://dapps-eigenlayer.xyz,Venu Javarappa,SVP Engineering,http://www.linkedin.com/in/venujavarappa
https://www.databento.com/,Chris Sellers,Engineering Manager,http://www.linkedin.com/in/cjdsellers
https://www.databento.com/,Christina Qi,CEO,http://www.linkedin.com/in/christinaqi
https://www.databento.com/,Renan Gemignani,Director of Engineering,http://www.linkedin.com/in/renan-gemignani
https://www.apptega.com,John Eastman,CTO,http://www.linkedin.com/in/john-eastman-495205
https://www.apptega.com,Dave Colesante,Chief Executive Officer,http://www.linkedin.com/in/dave-colesante-844064165
https://sigmasense.com,Chad Weintraub,SVP of Operations,http://www.linkedin.com/in/chad-weintraub-21987133
https://sigmasense.com,Mike Frawley,SVP Engineering,http://www.linkedin.com/in/michael-james-frawley
https://www.farcaster.xyz,,,
https://bolster.ai,Shashi Prakash,Co-founder,http://www.linkedin.com/in/shashi-prakash-7a30ba17
https://bolster.ai,Abhishek Dubey,CEO & Co-Founder,http://www.linkedin.com/in/adubey
https://bolster.ai,Cleo Valeroso,"VP, People & Operations",http://www.linkedin.com/in/cvvaleroso
https://bolster.ai,Sisir Kudva,Head Of Engineering,http://www.linkedin.com/in/sisir-kudva-686458
https://bolster.ai,Sharath Veldanda,VP of Engineering,http://www.linkedin.com/in/veldanda
http://www.cleargov.com,Michelle White,Talent Acquisition Coordinator,http://www.linkedin.com/in/michelle-w-1242861b0
http://www.cleargov.com,Chris Bullock,CEO & Founder,http://www.linkedin.com/in/cjbullock
http://www.cleargov.com,Bryan Burdick,President & Co-Founder,http://www.linkedin.com/in/bryanburdick
http://www.atroposhealth.com,Ally Hendrickson,Chief of Staff,http://www.linkedin.com/in/ally-hendrickson-7170751a
http://www.atroposhealth.com,Rehan Chawdry,VP of Engineering,http://www.linkedin.com/in/rchawdry
http://www.atroposhealth.com,Brigham Hyde,Chief Executive Officer,http://www.linkedin.com/in/brighamhyde
https://rtr.ai/,,,
http://www.xonaspace.com,Tyler Reid,Co-Founder & CTO,http://www.linkedin.com/in/tyler-reid-06398936
http://www.xonaspace.com,Brian Manning,Co-Founder & CEO,http://www.linkedin.com/in/brian-manning-28631a13
http://www.xonaspace.com,Adrien Perkins,Co-Founder and VP of Engineering,http://www.linkedin.com/in/adrien-perkins
http://www.xonaspace.com,Jerami Martin,Co-Founder,http://www.linkedin.com/in/jerami-m-martin-
http://www.xonaspace.com,Bryan Chan,Co-Founder,http://www.linkedin.com/in/bryan-chan-a6113813
http://www.xonaspace.com,Kazuma Gunning,Co-Founder,http://www.linkedin.com/in/kgunning
https://io.net/,,,
https://www.cayosoft.com,Andrei Polevoi,Co-founder and CTO,http://www.linkedin.com/in/andreipolevoi
https://www.cayosoft.com,Robert Bobel,Founder/CEO,http://www.linkedin.com/in/robertbobel
https://www.novata.com/,Alex Friedman,"Co-Founder, Chief Executive Officer",http://www.linkedin.com/in/alexanderfriedman1
https://www.novata.com/,Josh Green,Co-Founder & COO,http://www.linkedin.com/in/josh-green-b597441
https://www.novata.com/,Joel Raha,Chief Technology Officer,http://www.linkedin.com/in/jmraha
https://www.novata.com/,Denise Granville,Engineering Manager,http://www.linkedin.com/in/dubedenise
https://www.cruxdata.com/,Kevin Schenk,Founder,http://www.linkedin.com/in/kevinschenkcrux
https://www.cruxdata.com/,William Freiberg,CEO,https://www.linkedin.com/in/william-freiberg-02034850/
https://www.cruxdata.com/,Maryanne Johnson,Head of People,http://www.linkedin.com/in/maryanne-johnson-sphr-26814b63
https://www.cruxdata.com/,Alexander Kornhauser,Director of Engineering,http://www.linkedin.com/in/alexander-kornhauser-0a8210123
https://www.cruxdata.com/,Sachin Chawla,CTO,http://www.linkedin.com/in/chawlasachin
https://island.io,,,
https://sayari.com,Corina Chen,Talent Acquisition Specialist,http://www.linkedin.com/in/corinachen
https://sayari.com,Layne Partington,Director of Talent Acquisition,http://www.linkedin.com/in/layne-partington
https://sayari.com,Benjamin Power,COO & Co-Founder,http://www.linkedin.com/in/benjamin-power-6b751960
https://sayari.com,Farley Mesko,CEO & Co-Founder,http://www.linkedin.com/in/farley-mesko-a1426515
https://sayari.com,Aylia Naqvi,Vice President of People Operations,http://www.linkedin.com/in/syedaanaqvi
https://sayari.com,Matt Chinnock,Director of Engineering,http://www.linkedin.com/in/matthew-chinnock
https://certifid.com,Natasha Kovacs,"Director of People, Talent & Culture",http://www.linkedin.com/in/natasha-kovacs-43634ab6
https://certifid.com,Lawrence Duthler,Co-Founder,http://www.linkedin.com/in/lawrenceduthler
https://certifid.com,Thomas Cronkright,Co-Founder,http://www.linkedin.com/in/thomas-cronkright-328a9818
https://certifid.com,Morgan Whaley,Engineering Manager,http://www.linkedin.com/in/morganraewhaley
https://certifid.com,Tyler Adams,Co-founder & CEO,https://www.linkedin.com/in/tylerhadams/
https://www.espressosys.com/,Charles Lu,Co-Founder,http://www.linkedin.com/in/charleslu1
https://www.espressosys.com/,Averi Gerberding,Chief of Staff,http://www.linkedin.com/in/averi-gerberding-60375853
https://www.espressosys.com/,Fernando Krell,VP of Engineering,http://www.linkedin.com/in/fernando-krell-040b0523
https://loft.sh/,Fabian Kramm,"CTO, Co-Founder",http://www.linkedin.com/in/fabiankramm
https://loft.sh/,Daniel Thiry,Chief Of Staff,http://www.linkedin.com/in/danielthiry
https://loft.sh/,Piotr Zaniewski,Head of Engineering Enablement,http://www.linkedin.com/in/piotr-zaniewski-012b3135
https://loft.sh/,Denise Schannon,VP of Engineering,http://www.linkedin.com/in/denise-schannon-0b5760a2
https://loft.sh/,Alexandra Dragodan,Engineering Manager,http://www.linkedin.com/in/alexandra-dragodan-396b07137
https://loft.sh/,Lukas Gentele,CEO,http://www.linkedin.com/in/gentele
https://www.elisity.com/,Burjiz Pithawala,Co-Founder,http://www.linkedin.com/in/burjiz-pithawala-7180477
https://www.elisity.com/,Ester Nespoli,Chief of Staff,http://www.linkedin.com/in/ester-nespoli-ab6407a0
https://www.elisity.com/,Brian Thompson,COO,http://www.linkedin.com/in/brian-thompson-907a365
https://www.elisity.com/,Piotr Boguszewski,VP of Engineering,http://www.linkedin.com/in/piotr-boguszewski-mba-780a94
https://www.elisity.com/,James Winebrenner,Chief Executive Officer,http://www.linkedin.com/in/jamesmwinebrenner
https://www.elisity.com/,Piotr Kupisiewicz,Chief Technology Officer,http://www.linkedin.com/in/piotr-kupisiewicz-381a8814
http://luminarycloud.com/,,,
https://co.bot,Sarah Rathbun,"VP, Talent Acquisition",http://www.linkedin.com/in/sarahrathbun
https://co.bot,Brad Porter,Founder and CEO,http://www.linkedin.com/in/brad-porter-1a989
https://co.bot,Jane Mooney,Co-Founder,http://www.linkedin.com/in/jane-mooney-6a1065b
https://co.bot,Steph Tryphonas,VP Operations,http://www.linkedin.com/in/steph-tryphonas-70a937
https://co.bot,Dale,Staff Recruiter,https://www.linkedin.com/in/jessi-dale-0b966236/
https://www.graphiant.com,,,
https://coalesce.io,,,
https://www.todyl.com/,David Dewey,Chief Technology Officer,http://www.linkedin.com/in/david-dewey-76095488
https://www.todyl.com/,Adam Freedman,Director of Talent,http://www.linkedin.com/in/adam-freedman-
https://www.todyl.com/,Darrin Swan,Co-Founder,http://www.linkedin.com/in/darrinswan
https://www.todyl.com/,James Pellizzi,Co-Founder,http://www.linkedin.com/in/james-pellizzi-2b3a453
https://www.todyl.com/,John Nellen,Founder & CEO,http://www.linkedin.com/in/jnellen
https://www.todyl.com/,Chris Weibel,Vice President Of Engineering,http://www.linkedin.com/in/chris-weibel-84b55b2
https://www.doola.com/,JP Pincheira,Co-Founder & Chief Technology Officer,http://www.linkedin.com/in/jp-pincheira-71a60b93
https://www.doola.com/,Al Morris,Global Head of Engineering,http://www.linkedin.com/in/al-morris-77ab341
https://www.doola.com/,Arjun Mahadevan,CEO,http://www.linkedin.com/in/mahadevanarjun
https://www.doola.com/,Aziz Bek Razakov,Head of Operations,https://www.linkedin.com/in/aziz-bek-razakov-0673b793/
https://arc.net,Jessi Carrier,Talent,http://www.linkedin.com/in/jessi-carrier-b95483101
https://arc.net,Salvatore Casale,Talent Operations Specialist,http://www.linkedin.com/in/salvcasale
https://arc.net,Hursh Agrawal,Co-founder,http://www.linkedin.com/in/hurshagrawal
https://arc.net,Josh Miller,CEO & Co-Founder,http://www.linkedin.com/in/josh-miller-b31259106
https://arc.net,Dolapo Falola,Head Of Engineering,http://www.linkedin.com/in/dolapo
https://arc.net,Tara Teich,Engineering Manager,http://www.linkedin.com/in/tarateich
https://weavix.com/,Jack Brown,Director of Talent,http://www.linkedin.com/in/jack-brown-phr-52572145
https://weavix.com/,David Kapic,Chief Operating Officer,http://www.linkedin.com/in/david-kapic-5071285
https://weavix.com/,Kevin Turpin,Chief Executive Officer,http://www.linkedin.com/in/kevin-turpin-3a697568
https://weavix.com/,Seth Phillips,Chief Technology Officer,http://www.linkedin.com/in/seth-phillips-4b90775
https://weavix.com/,Nick Abbott,Director of Operations,https://www.linkedin.com/in/nick-abbott52/
http://brain.ai,Jerry Yue,Founder and CEO,https://www.linkedin.com/in/jerry-sheng-yue/
http://brain.ai,Taiyan Hao,Interim Director of Engineering,https://www.linkedin.com/in/taiyanhao/
https://www.pdw.ai/,Ryan Gury,CEO & Co-Founder,http://www.linkedin.com/in/ryangury
https://www.pdw.ai/,Trevor Smith,Co-Founder,http://www.linkedin.com/in/trevorsmith19
https://www.pdw.ai/,Gregory Farmer,Chief of Staff,http://www.linkedin.com/in/gregory-farmer-681807198
https://www.pdw.ai/,James Slider,President/COO,http://www.linkedin.com/in/james-slider-33938b14a
https://www.pdw.ai/,Jim Menne,Senior Vice President Of Engineering,http://www.linkedin.com/in/jim-menne
https://www.pdw.ai/,Fuyuto Tanaka,CTO,http://www.linkedin.com/in/fuyuto-tanaka-125a5b123
https://amdilabs.com,David Okrongly,CEO,http://www.linkedin.com/in/david-okrongly-ph-d-b620017
https://askchapter.org/,Allie Cialeo,Talent Acquisition Lead,http://www.linkedin.com/in/alexandracialeo
https://askchapter.org/,Gabrielle Kensinger,Talent Acquisition Partner,http://www.linkedin.com/in/gabrielle-kensinger-67096b224
https://askchapter.org/,Corey Metzman,COO & Co-Founder,http://www.linkedin.com/in/corey-metzman-a1a87243
https://askchapter.org/,Cobi B.,CEO & Co-Founder,http://www.linkedin.com/in/cobibgantz
https://askchapter.org/,Ari Parker,Co-Founder,http://www.linkedin.com/in/ariparker
https://askchapter.org/,Sydney C.,Talent Partner,http://www.linkedin.com/in/sydney-mcroft
https://nacelle.com,Danielle Johnson,Chief of Staff,https://www.linkedin.com/in/daniellejohnson01/
https://nacelle.com,Brian Anderson,Founder and CEO,https://www.linkedin.com/in/brianvanderson/
https://nacelle.com,Steven SanSoucie,Sr. Director of People Operations,https://www.linkedin.com/in/stevesansoucie/
https://acreto.io/,,,
https://www.capstack.ai,Tzvika Perelmuter,Co-Founder & CTO,http://www.linkedin.com/in/tzvika-perelmuter-a08829121
https://www.capstack.ai,Michal Cieplinski,Founder & CEO,http://www.linkedin.com/in/michalcieplinski
https://www.nuvaira.com/,,,
http://moderawealth.com/,Tom Orecchio,Chief Executive Officer,http://www.linkedin.com/in/tom-orecchio-cfa-cfp-5968b44
http://moderawealth.com/,Harli Palme,Chief Operating Officer,http://www.linkedin.com/in/harli-palme-654bbb1a
http://moderawealth.com/,Jeanne Owens,Director Of Operations,http://www.linkedin.com/in/jeanne-owens-577422106
https://www.fieldguide.io,Chris Szymansky,Co-Founder / CTO,http://www.linkedin.com/in/chrisszymansky
https://www.fieldguide.io,John-Michael Diveris,Chief of Staff,http://www.linkedin.com/in/john-michael-diveris-98ba44147
https://www.fieldguide.io,Jin Chang,CEO,http://www.linkedin.com/in/jinwchang
https://www.fieldguide.io,Madeline Klecker,Engineering Manager,http://www.linkedin.com/in/madeline-klecker-03176313a
https://www.fieldguide.io,Natalie Amend,Recruiting Lead,https://www.linkedin.com/in/natalieamend/
https://www.fieldguide.io,Chris Szymansky,CTO,https://www.linkedin.com/in/chrisszymansky/
https://www.lumos.com/,Greg Little,President and CEO,http://www.linkedin.com/in/greg-little
https://www.lumos.com/,Ruben Jimenez,Engineering Manager,http://www.linkedin.com/in/ruben-jimenez-b73b1346
https://www.lumos.com/,Jude Flannery,Head of Engineering,http://www.linkedin.com/in/judeflannery
https://www.lumos.com/,Henry Hippely,Head of Talent,http://www.linkedin.com/in/henryhippely
https://www.lumos.com/,Emily Liu,Talent,http://www.linkedin.com/in/emilyliuu
https://www.lumos.com/,Alan Flores-Lopez,Co-Founder,http://www.linkedin.com/in/alan-flores-l%c3%b3pez-006217109
https://www.nectarhr.com,,,
https://www.beehiiv.com,,,
https://www.worldview.space,John Drucker,Head of Talent Acquisition and Training,http://www.linkedin.com/in/johndruckerrecruiter
https://www.worldview.space,Obie Jones,Chief Operating Officer,http://www.linkedin.com/in/obie-jones-b2a820246
https://www.worldview.space,Roderick Prewitt,Director of Engineering,http://www.linkedin.com/in/roderick-prewittt-41329316b
https://www.worldview.space,Ryan Hartman,President and Chief Executive Officer,http://www.linkedin.com/in/ryan-m-hartman-8581a46
https://www.worldview.space,Debra Copeland,Engineering Manager,http://www.linkedin.com/in/debra-copeland-6913a025
https://www.nudgesecurity.com/,,,
https://www.plumenetwork.xyz/,Eugene Shen,Co-Founder and CTO,http://www.linkedin.com/in/eyqs
https://www.plumenetwork.xyz/,Teddy Pornprinya,Co-Founder,http://www.linkedin.com/in/theodore-pornprinya-b22b40a9
https://www.plumenetwork.xyz/,Chris Yin,founder/ceo,http://www.linkedin.com/in/chrisyin
https://www.plumenetwork.xyz/,Nancy Jiang,Chief of Staff,http://www.linkedin.com/in/jnancyy
http://cariloop.com,Michael Walsh,Chief Executive Officer,http://www.linkedin.com/in/walshmichaelr
https://www.ecaplabs.com/,,,
https://www.prefect.io,Jeremiah Lowin,Founder & CEO,http://www.linkedin.com/in/jlowin
https://www.prefect.io,Sarah Moses,Chief Operating Officer,http://www.linkedin.com/in/sarah-moses-bb45b051
https://www.prefect.io,Zach Angell,Engineering Manager,http://www.linkedin.com/in/zachangell
https://www.prefect.io,Blake Walters,"VP, Engineering",http://www.linkedin.com/in/blakewalters
https://www.prefect.io,Chris White,Chief Technology Officer,http://www.linkedin.com/in/whitecdw
https://www.intrusion.com,,,
https://truflation.com/,Stefan Rust,Founder,http://www.linkedin.com/in/stefanrust
https://oden.io,Willem Sundblad,Cofounder And Chief Executive Officer,http://www.linkedin.com/in/willem-sundblad
https://oden.io,Peter Brand,Co-Founder and President,http://www.linkedin.com/in/peterabrand
https://oden.io,Jen Williams,Chief Operating Officer,http://www.linkedin.com/in/jennifersarawilliams
https://oden.io,Alice Rottersman,Engineering Manager,http://www.linkedin.com/in/alice-rottersman-65974a103
https://oden.io,Deepak Turaga,Chief Technology Officer,http://www.linkedin.com/in/deepak-turaga-datascience
https://oden.io,James Maidment,Director of Engineering,http://www.linkedin.com/in/jamesmaidment
http://www.tinkermode.com/mode,Gaku Ueda,"Co-founder, CEO",http://www.linkedin.com/in/gakuueda
http://www.tinkermode.com/mode,Ethan Kan,Co-founder,http://www.linkedin.com/in/ethan-kan-b85a3448
http://www.tinkermode.com/mode,Satoshi Ogawa,Head of People Operations,http://www.linkedin.com/in/satoshi-ogawa-aab7b927
http://www.tinkermode.com/mode,Nao Otsubo,Chief of Staff,http://www.linkedin.com/in/naootsubo
https://peregrine.io,Nick Noone,Co-founder/CEO,http://www.linkedin.com/in/nicknoone
https://peregrine.io,Ben Rudolph,Co-Founder,http://www.linkedin.com/in/brudolph
https://peregrine.io,Draper Renee,Head of People,http://www.linkedin.com/in/draper-renee-010458197
https://peregrine.io,Tal Wasser,Chief of Staff,http://www.linkedin.com/in/tal-wasser
https://www.arbol.io/,Siddhartha Jha,Founder & CEO,http://www.linkedin.com/in/siddhartha-jha-ba4b7534
https://www.arbol.io/,Philippe Heilberg,co-Founder & President,http://www.linkedin.com/in/philippe-heilberg-mba
https://www.arbol.io/,Shelby Smith,Chief Technology Officer,http://www.linkedin.com/in/shelbymatthew
https://www.arbol.io/,Alexander Isakov,Chief Operating Officer,http://www.linkedin.com/in/alexanderisakov
https://www.arbol.io/,Kaitlin Hass,Head of People,http://www.linkedin.com/in/kaitlinhass
https://www.arbol.io/,John Christopher,VP of Engineering,http://www.linkedin.com/in/jgchristopher
https://www.Blockitnow.com,Greg Nance,Talent Acquisition Consultant,http://www.linkedin.com/in/greg-nance-50651834
https://www.Blockitnow.com,Jake McCarley,Co-founder & CEO,http://www.linkedin.com/in/jakemccarley
https://www.Blockitnow.com,Stephen Corona,Chief Technology Officer,http://www.linkedin.com/in/stephencorona
https://www.Blockitnow.com,Geoffrey Dagley,VP of Engineering,http://www.linkedin.com/in/gdagley
https://safebase.io,Caila Beach,Talent Acquisition Lead,http://www.linkedin.com/in/caila-beach-a913a5b7
https://safebase.io,Al Yang,CEO/Co-founder,http://www.linkedin.com/in/alyang10
https://safebase.io,Michael Bova,Engineering Manager,http://www.linkedin.com/in/michaeldbova
https://safebase.io,Nick Whalen,Director of Engineering,http://www.linkedin.com/in/nickwhalen
https://linktr.ee/leightondynamica,,,
http://www.champtitles.com,Joanna Allegretti,Chief of Staff,http://www.linkedin.com/in/jallegretti
http://www.champtitles.com,Bo Shim,CTO,http://www.linkedin.com/in/boshim
http://www.champtitles.com,Shane Bigelow,CEO,http://www.linkedin.com/in/shanemcrannbigelow
http://www.champtitles.com,Darin Critchlow,Engineering Manager,http://www.linkedin.com/in/dcritchlow
https://www.sifthealthcare.com,Justin Nicols,Founder & CEO,http://www.linkedin.com/in/justinnicols
https://www.sifthealthcare.com,Bob Hoyler,COO,http://www.linkedin.com/in/bob-hoyler-70a1301
https://www.sifthealthcare.com,Dhiraj Sankala,Chief Technology Officer,http://www.linkedin.com/in/dhirajsankala
https://www.sifthealthcare.com,Eric Kijak,"Vice President of Finance and Operations
",http://www.linkedin.com/in/eric-kijak-5b201a54
https://www.sifthealthcare.com,Andy Marek,Senior Engineering Manager,http://www.linkedin.com/in/andymarek
https://www.sifthealthcare.com,Dustin Verzal,Senior Director of Engineering,http://www.linkedin.com/in/dustinverzal
https://www.querypie.com,,,
https://www.defensestorm.com/,,,
https://www.oasis.security/product,,,
https://www.ory.sh,,,
https://www.empathy.com/,Yonatan Bergman,Co-Founder & CTO,http://www.linkedin.com/in/yonbergman
https://www.empathy.com/,Ron Gura,Co-Founder & CEO,http://www.linkedin.com/in/rongura
https://www.empathy.com/,Fernanda Ariceta,Co Founder and Director,http://www.linkedin.com/in/fernandaariceta
https://www.empathy.com/,Anoop Kumar,Chief Operating Officer,http://www.linkedin.com/in/anoop-kumar-1618434
https://www.empathy.com/,Liat Peles,Head of People,http://www.linkedin.com/in/liat-dakar-peles-shrm-scp-she-her-90802b2
https://www.empathy.com/,Hemdat Dittman,Director of Engineering,http://www.linkedin.com/in/hemdat-dittman-86140a98
https://www.empathy.com/,Itamar Melamed,Chief of Staff,https://www.linkedin.com/in/mitamar/
https://www.vikendetection.com,,,
https://nlx.ai,Vlad Papancea,Co-Founder & CTO,http://www.linkedin.com/in/vlad-papancea-613b96a6
https://nlx.ai,Peter Szerzo,Co-founder,http://www.linkedin.com/in/peterszerzo
https://nlx.ai,Sam Trost,Head of Engineering,http://www.linkedin.com/in/sam-trost-59002b10
https://nlx.ai,Andrei Papancea,CEO & Chief Product Officer,http://www.linkedin.com/in/andreipapancea
http://www.ecotrak.com/,Devin Pierre,Chief of Staff,http://www.linkedin.com/in/devin-pierre-631b11a9
http://www.ecotrak.com/,Mike Snyder,Chief Operating Officer,http://www.linkedin.com/in/mike-snyder-85a07b24
http://www.ecotrak.com/,Matt Singer,Chief Executive Officer,http://www.linkedin.com/in/matt-singer-a913a839
http://www.ecotrak.com/,Kevin M.,Chief Technology Officer,http://www.linkedin.com/in/kavehmb
https://www.guardian.ag,Rocky Makooi,Head of Talent Acquisition,http://www.linkedin.com/in/ramakooi
https://www.guardian.ag,Adam Bercu,Founder CEO,http://www.linkedin.com/in/adam-bercu-10838b164
https://www.guardian.ag,Kristine C.,Chief Of Staff,http://www.linkedin.com/in/kristinechien
https://www.guardian.ag,Jeff Sparks,COO,http://www.linkedin.com/in/aggregatejeff
https://www.guardian.ag,Dan Cody,VP of Engineering,http://www.linkedin.com/in/dan-cody-65909887
https://www.synadia.com/,Derek Collison,Founder & CEO,http://www.linkedin.com/in/derekcollison
https://www.synadia.com/,Jan Plutzer,Chief Operating Officer,http://www.linkedin.com/in/jan-plutzer1
https://www.synadia.com/,Kent Skaar,Director of Engineering,http://www.linkedin.com/in/kent-skaar-72a224
https://www.synadia.com/,Seth Back,Engineering Manager,http://www.linkedin.com/in/seth-back-74566518
https://hume.ai,Jake Marlo,Chief of Staff,http://www.linkedin.com/in/jake-marlo-51a377162
https://hume.ai,Janet Ho,Chief Operating Officer,http://www.linkedin.com/in/janet-ho-7a0328b9
https://hume.ai,Alan Cowen,CEO & Chief Scientist,http://www.linkedin.com/in/alan-cowen-a3a39293
https://sending.network,,,
http://www.grammatech.com,Dan Goodwin,CEO,http://www.linkedin.com/in/dan-goodwin-997020a
http://validmind.com,Andres Rodriguez,CTO and Co-founder,http://www.linkedin.com/in/andresrodrigueze
http://validmind.com,Jonas Jacobi,CEO & Co-founder,http://www.linkedin.com/in/jonasjacobi
http://validmind.com,Mehdi Esmail,Cofounder,http://www.linkedin.com/in/mehdi-esmail-8b258126
http://xealth.io,,,
https://cosmicwire.com/,,,
https://www.quilt.com/,Alexis Morales,Talent Acquisition Specialist,http://www.linkedin.com/in/alexis-meza-morales-919682182
https://www.quilt.com/,Matthew Knoll,Cofounder and CTO,http://www.linkedin.com/in/matthewknollboston
https://www.quilt.com/,Bill Kee,Co-Founder & COO,http://www.linkedin.com/in/billkee
https://overfuel.com/,,,
http://cloverleaf.me,,,
https://www.plansight.com/,,,
https://anvilogic.com,Deb Banerjee,Cofounder/CTO,http://www.linkedin.com/in/banerjeedeb
https://anvilogic.com,Karthik Kannan,Founder/CEO,http://www.linkedin.com/in/karthikkannan001
https://anvilogic.com,Dennis Park,Director of Engineering,http://www.linkedin.com/in/dennispark
https://anvilogic.com,Shekar Kesarimanglam,VP Engineering,http://www.linkedin.com/in/shekarkesari
https://anvilogic.com,Sathya Kavacheri,Senior Director Engineering,http://www.linkedin.com/in/sathyakn
https://exploreomni.com,Colin Zima,"Co-Founder, CEO",https://www.linkedin.com/in/colinzima/
https://exploreomni.com,Jamie Davidson,Co-Founder,https://www.linkedin.com/in/jamescdavidson/
https://exploreomni.com,Christopher Merrick,Co-Founder,https://www.linkedin.com/in/merrickchristopher/
https://www.xevant.com/,,,
https://www.highbyte.com,John Harrington,Co-Founder,http://www.linkedin.com/in/john-harrington-142906a
https://www.highbyte.com,Torey Penrod-Cambra,Co-Founder,http://www.linkedin.com/in/toreypenrod
https://www.highbyte.com,Aron Semle,Chief Technology Officer,http://www.linkedin.com/in/aron-semle-9a837910
https://www.abett.com/,Mike Hanlon,Founder and CEO,http://www.linkedin.com/in/seattle-hanlon
http://www.mtab.com,,,
https://abre.com,,,
https://rivet.work,Ryan Meitl,"Chief Executive Officer, Co-Founder",http://www.linkedin.com/in/ryan-meitl-15715426
https://rivet.work,Alison Accavitti,Co-Founder,http://www.linkedin.com/in/alisonaccavitti
https://rivet.work,Andy Lawrence,Chief Technology Officer,http://www.linkedin.com/in/andrewmlawrence
https://rivet.work,Phil Borel,Engineering Manager,http://www.linkedin.com/in/philborel
https://rivet.work,Alan Languirand,Engineering Manager,http://www.linkedin.com/in/13protons
https://www.paylode.com/,,,
https://www.cape.co/,David Hernandez,Talent Acquisition,http://www.linkedin.com/in/dhernandez
https://www.cape.co/,Nicholas Espinoza,Co-Founder,http://www.linkedin.com/in/nicholasjespinoza
https://www.cape.co/,John Doyle,"Founder, CEO",http://www.linkedin.com/in/john-doyle-48633227
https://www.cape.co/,Colleen Crawford,Chief of Staff,http://www.linkedin.com/in/colleenecrawford
https://www.cape.co/,David Dunn,Head of Engineering,http://www.linkedin.com/in/david-dunn-2643555b
https://zerosystems.com/,,,
https://sublime.security,,,
https://coactive.ai,William Rojas,Field CTO & Co-Founder,http://www.linkedin.com/in/williamgaviria
https://coactive.ai,Madina Diabate,Talent Acquisition,http://www.linkedin.com/in/mdiabate
https://coactive.ai,Cody Coleman,CEO & Co-Founder,http://www.linkedin.com/in/codyaustun
http://colovore.com,Peter Harrison,CTO & Co-Founder,http://www.linkedin.com/in/colovore
http://colovore.com,Sean Holzknecht,President & Co-Founder,http://www.linkedin.com/in/seanholzknecht
https://www.dripos.com,Jack Pawlik,"Co-Founder, President",http://www.linkedin.com/in/jack-pawlik
https://www.dripos.com,Avery Durrant,Co-Founder,http://www.linkedin.com/in/avery-durrant
https://www.dripos.com,Steven Wood,Director of Engineering,http://www.linkedin.com/in/woodstevend
https://www.bcore.com,Kimberly Oates,Talent Acquisition Partner,http://www.linkedin.com/in/kim-slaughter
https://www.bcore.com,Siby M.,Senior Talent Acquisition Partner,http://www.linkedin.com/in/sibym2
https://www.bcore.com,Walter Hamilton,Talent Acquisition Specialist,http://www.linkedin.com/in/walter-hamilton-iv-51b46120
https://www.bcore.com,Phil Nolan,COO,http://www.linkedin.com/in/phil-nolan-25a1591b
https://www.bcore.com,Jake Huffman,Chief Technology Officer,http://www.linkedin.com/in/jake-huffman-291b16a
https://www.bcore.com,Chad Kim,Chief Executive Officer,http://www.linkedin.com/in/chad-a-kim-27955545
https://www.tarsal.co,Manny Gundampalli,Co-Founder,http://www.linkedin.com/in/manny-gundampalli-6a982019b
https://www.tarsal.co,Sunny Rekhi,CEO,http://www.linkedin.com/in/sunny-rekhi
https://www.tarsal.co,Barrett Lyon,Chief Technology Officer,http://www.linkedin.com/in/blyon
https://www.tarsal.co,Tim Dietrich,Vice President of Engineering,http://www.linkedin.com/in/tim-dietrich-3735835
https://ritten.io,,,
https://ursaspace.com,Julie Baker,"Chief Operating Officer, Co-founder",http://www.linkedin.com/in/juliekilgorebaker
https://ursaspace.com,Adam Maher,CEO and Founder,http://www.linkedin.com/in/adam-maher-17969731
https://codesphere.com,,,
https://zora.co,,,
https://upflow.io,Barnaby Malet,Co-founder & CTO,http://www.linkedin.com/in/barnabymalet
https://upflow.io,Alex Louisy,"Co-founder, CEO",http://www.linkedin.com/in/alexlouisy
https://upflow.io,Noah Page,Leading CEO and Founder,http://www.linkedin.com/in/noah-page-1b6438272
https://upflow.io,Philippe Girolami,VP of Engineering,http://www.linkedin.com/in/philippegirolami
https://getbite.com,"Jeff H.
","Co-Founder, VP Partnerships + Strategic Initiatives",http://www.linkedin.com/in/canadajeff
https://getbite.com,Jurate Mikaite,Recruitment Manager,http://www.linkedin.com/in/jurate-mikaite-849a334
https://getbite.com,Oskar Magnusson,Co-Founder & COO,http://www.linkedin.com/in/oskar-magnusson-ba3870216
https://getbite.com,"Stas Nikiforov
",Co-Founder,http://www.linkedin.com/in/stasnikiforov
https://getbite.com,Astrid Lottmann,CEO,http://www.linkedin.com/in/astrid-lottmann-a812941a4
http://www.enertechcapital.com/,,,
https://www.shelterzoom.com/,Chao Cheng-Shorland,Co-Founder and CEO,http://www.linkedin.com/in/chaocheng-shorland
https://www.shelterzoom.com/,Dani Leca,VP of Product and Engineering,http://www.linkedin.com/in/danileca
https://www.shelterzoom.com/,Allen Alishahi,Co-Founder & President,https://www.linkedin.com/in/allen-alishahi-00707447/
https://simbian.ai,Alankrit Chona,Co-Founder & CTO,http://www.linkedin.com/in/alankrit-chona-927875a7
https://simbian.ai,Ambuj Kumar,Co-founder and CEO,http://www.linkedin.com/in/ambujkumar
https://gg4l.com,,,
https://flowgpt.com,,,
https://www.apptechcorp.com,,,
https://www.clinicalresearch.io/,"Gina Arriaga
",Sr. Technical Recruiter,http://www.linkedin.com/in/ginamagnesi
https://www.clinicalresearch.io/,Raymond N.,Co-founder & Co-CEO,http://www.linkedin.com/in/raymond-nomizu
https://www.clinicalresearch.io/,"Jonathan A.
",President and COO,http://www.linkedin.com/in/jonathan-a-592361
https://www.clinicalresearch.io/,Matt Salafia,Vice President Of Engineering,http://www.linkedin.com/in/matthewsalafia
https://nps.ai/,,,
https://g2rl.com/,,,
https://activenav.com/,,,
https://zanskar.us,,,
https://anetac.com,,,
https://bedrock.security,"Pranava Adduri
","Co-Founder, CTO",http://www.linkedin.com/in/padduri
https://bedrock.security,"Ganesha Shanmuganathan
","Co-Founder, Chief Architect",http://www.linkedin.com/in/ganesha-shanmuganathan-33aa8310
https://bedrock.security,Bruno Kurtic,CEO,http://www.linkedin.com/in/bkurtic
https://nagomi.security,,,
https://www.pipedreams.com,Allison Brockway,Recruiter,http://www.linkedin.com/in/allison-brockway
https://www.pipedreams.com,Justin Nelson,Recruiter,http://www.linkedin.com/in/justin-nelson-2526462b
https://www.pipedreams.com,Tyler Green,Co-Founder,http://www.linkedin.com/in/tyler-green-1b97a623
https://www.pipedreams.com,Lemar Hight,President & COO,http://www.linkedin.com/in/lemar-hight-418a363
https://www.pipedreams.com,Shay Matasaro,Head of Engineering,http://www.linkedin.com/in/shay-matasaro-68618415
https://www.pipedreams.com,Dan Laufer,CEO,http://www.linkedin.com/in/dlaufer
https://www.breachbits.com,,,
https://www.halfmore.co,,,
https://efficient.computer/,Julie McGoldrick,Director of People Operations,http://www.linkedin.com/in/juliemcgoldrickphr
https://efficient.computer/,Graham Gobieski,Chief Technology Officer,http://www.linkedin.com/in/gobieski
https://efficient.computer/,Brandon Lucia,Co-founder & CEO,https://www.linkedin.com/in/brandon-lucia-0767792/
https://www.kytheralabs.com/,,,
https://www.evosecurity.com,Michael Roth,CEO and Founder,http://www.linkedin.com/in/michael-roth-693468171
https://www.evosecurity.com,Scott Baldwin,VP of Engineering,http://www.linkedin.com/in/scottsbaldwin
https://contlo.com,,,
https://www.expanso.io,David Aronchick,CEO,http://www.linkedin.com/in/aronchick
https://neubird.ai/,Gou Rao,Co-Founder,http://www.linkedin.com/in/gouthamrao
https://neubird.ai/,Vinod Jayaraman,Co-Founder,https://www.linkedin.com/in/vinodjayaraman/
https://permiso.io/,,,
https://www.supplywisdom.com,,,
http://www.simr.com/,,,
https://blackbird.health,,,
https://www.draftwise.com/,Emre Ozen,Chief Technology Officer and Co-Founder,http://www.linkedin.com/in/ozenemre
https://www.draftwise.com/,Ozan Yalti,Co-Founder,http://www.linkedin.com/in/ozanyalti
https://www.draftwise.com/,James Ding,Chief Executive Officer,http://www.linkedin.com/in/jamding
https://www.finaloffer.com/,Judd Hoffman,Co-Founder and Chief Investment Officer,http://www.linkedin.com/in/hoffmanjudd
https://www.finaloffer.com/,"Tim Quirk
",Co-Founder,http://www.linkedin.com/in/timquirk
https://www.finaloffer.com/,Danko Fatovic,Co-Founder & Co-CEO,http://www.linkedin.com/in/jdfatovic
https://www.finaloffer.com/,Rebecca Guthrie,Chief Operating Officer,http://www.linkedin.com/in/rebeccasuarezguthrie
https://www.lagrange.dev,,,
https://www.changeengine.com,,,
https://www.brixtonbio.com/,,,
https://www.axiomcloud.ai/,,,
https://proof.io,,,
http://www.unify.ai,,,
https://www.auxili.us/,"Adam Weisman
",co-founder & CEO,http://www.linkedin.com/in/adamweisman
https://www.auxili.us/,"Cem Oztas
",VP of Engineering,http://www.linkedin.com/in/cem-oztas-b7a8ab12
https://www.auxili.us/,Yusuf Yaman,Senior Director Of Engineering,http://www.linkedin.com/in/yusuf-yaman-1145b8
https://www.auxili.us/,Kristen Lueck,VP of Ops,http://www.linkedin.com/in/kblueck
https://www.auxili.us/,Libby Hauser,SVP Product Strategy & Operations,http://www.linkedin.com/in/libby-hauser-47b234101
https://passes.com,Patrick Zhang,CTO,http://www.linkedin.com/in/patrick-zhang-956a911b5
https://passes.com,Lucy Guo,Chief Executive Officer,http://www.linkedin.com/in/lucy-guo-a7804955
https://www.durolabs.co,,,
https://raiinmaker.com,,,
https://www.alethea.com/,"Madina Farid
",Talent,http://www.linkedin.com/in/madina-farid-a3260857
https://www.alethea.com/,Lisa Kaplan,Founder and CEO,http://www.linkedin.com/in/lisa-kaplan-77162a23
https://www.alethea.com/,Fiona Taylor,Chief Operating Officer,http://www.linkedin.com/in/fiona-taylor-summary
https://www.alethea.com/,Nick Matviko,Head of Engineering,http://www.linkedin.com/in/nickmatviko
https://www.alethea.com/,Yi Becker,VP of Engineering,http://www.linkedin.com/in/yisbecker
https://www.onefootprint.com/,,,
https://qualiti.ai/,,,
https://www.privateer.com,Michael Moskwinski,Chief Technology Officer,http://www.linkedin.com/in/michaelmoskwinski
https://www.privateer.com,Alex Fielding ,CEO & Chairman,https://www.linkedin.com/in/ripcord/
https://www.privateer.com,Moriba Jah,"Co-Founder, Chief Scientist",https://www.linkedin.com/in/jahniverse/
https://www.privateer.com,Justin Bellucci,Senior Director of Engineering,https://www.linkedin.com/in/justin-bellucci/
https://www.navix.io,,,
http://facefirst.com,,,
https://www.topl.co,,,
https://www.stringr.com,,,
https://intraprisehealth.com/,,,
http://www.thesummitgrp.com,,,
http://rockstepsolutions.com,,,
https://www.muralhealth.com,Samuel Whitaker,Co-Founder & Co-CEO,http://www.linkedin.com/in/samuel-whitaker-50402a10
https://www.muralhealth.com,Nicole Kerr,Chief Operating Officer,http://www.linkedin.com/in/nicolenackleykerr
https://www.muralhealth.com,Mike Remaker,Chief Technology Officer,http://www.linkedin.com/in/mremaker
https://www.withluminary.com/,David Barnard,Founder and CEO,http://www.linkedin.com/in/david-barnard-6383b6a4
https://www.withluminary.com/,"Dave Geme
",Co-Founder & CPO,http://www.linkedin.com/in/dave-st-geme-96075422
https://www.withluminary.com/,Ian Lyons,Co-founder & Head of Engineering,http://www.linkedin.com/in/ilyons
https://www.cybersaint.io,,,
https://www.clique.tech/,,,
https://www.hdata.us,Yuval Lubowich,Co-Founder and CTO,http://www.linkedin.com/in/yuvallubowich
https://www.hdata.us,Hudson Hollister,Co-Founder and CEO,https://www.linkedin.com/in/hudsonhollister/
https://www.strikeready.co,,,
https://tara.ai/,,,
http://www.theradaptive.com,"Luis Alvarez
",Chief Executive Officer & Founder,http://www.linkedin.com/in/luis-alvarez-758a981
http://www.theradaptive.com,David Stewart,Chief Operating Officer,http://www.linkedin.com/in/david-stewart-b563948
http://www.theradaptive.com,Jill Dunty,Director Of Operations,http://www.linkedin.com/in/jill-dunty-a142605
http://www.peakmetrics.com,,,
https://www.turnkey.io/,,,
https://www.pyte.ai,,,
https://www.kiki.world,,,
https://www.vorlonsecurity.com,Amichay Spivak,"CTO, co-founder",http://www.linkedin.com/in/amichay-spivak-2021b747
https://www.vorlonsecurity.com,Amir Khayat,CEO & Co-Founder,http://www.linkedin.com/in/amir-khayat-a1117317
https://www.vorlonsecurity.com,"Jessica Nakamura
",Chief of Staff,http://www.linkedin.com/in/jessica-nakamura
https://www.vorlonsecurity.com,Sasiel Saadon,Director of Engineering,http://www.linkedin.com/in/sasielsaadon
https://mitosis.org,,,
https://www.talentbloom.ai,,,
https://www.ohanafy.com,Davis Bryson,Co-Founder,http://www.linkedin.com/in/davisbryson
https://www.ohanafy.com,Ian Padrick,Founder & CEO,http://www.linkedin.com/in/ianpadrick
https://www.zafran.io,Ben Seri,Co-Founder & CTO,http://www.linkedin.com/in/ben-seri-176bb9191
https://www.zafran.io,"Meshi Betzer
",Talent Acquisition Specialist,http://www.linkedin.com/in/meshi-betzer-034746110
https://www.zafran.io,Karin Carmeli,Global Talent Acquisition,http://www.linkedin.com/in/karincarmeli
https://www.zafran.io,Sanaz Yashar,Co-Founder & CEO,http://www.linkedin.com/in/sanaz-yashar-3b639569
https://www.zafran.io,Snir Havd,Co-Founder & CPO,http://www.linkedin.com/in/snir-havdala-332958106
https://www.zafran.io,Eva Bijaoui,Head of Engineering,http://www.linkedin.com/in/eva-bijaoui-9a542bba
https://www.elementaryrobotics.com,,,
http://www.tradesun.com,,,
http://www.stratyfy.com,Dmitry Lesnik,Co-founder & Chief Data Scientist,http://www.linkedin.com/in/dmitrylesnik
http://www.stratyfy.com,"Laura Kornhauser
",CEO and Co-Founder,http://www.linkedin.com/in/laura-kornhauser-43795868
http://www.stratyfy.com,Deniz Johnson,Chief Operating Officer,http://www.linkedin.com/in/denizajohnson
http://www.stratyfy.com,Valerie W.,Director of Engineering,http://www.linkedin.com/in/avwilks
http://azuro.org,,,
https://moduleq.com/,,,
https://www.opmed.ai/,Avi Paz,Co-Founder & CTO,http://www.linkedin.com/in/avi-paz
https://www.opmed.ai/,Dganit Fainer,Recruitment Manager,http://www.linkedin.com/in/dganitfainer
https://www.opmed.ai/,Mor Brokman,Co-Founder & CEO,http://www.linkedin.com/in/mor-brokman-667b8414
http://www.ruralhome.org/,,,
https://www.breachrx.com/,,,
https://clazar.io,,,
https://www.singlefile.io,,,
https://www.helport.ai/,,,
https://retextion.com/,Gina Perrelli,Co-Founder & CEO,https://www.linkedin.com/in/ginaperrelli/
https://retextion.com/,Sreyas Paravastu,Head of People & Talent,https://www.linkedin.com/in/sreyas/
https://retextion.com/,Josh Rombach,Director of Finance & Operations,https://www.linkedin.com/in/joshrombach/
https://retextion.com/,Stephanie Brubaker,Chief Technology Officer,https://www.linkedin.com/in/sjbrubaker/
https://retextion.com/,Taylor Cawiezell,Co-founder and Head of Innovation,https://www.linkedin.com/in/taylor-cawiezell-23588117a/
http://www.nmsdc.org/,"Leahanne Thomas
",Chief Operating Officer,http://www.linkedin.com/in/leahannethomas
http://www.nmsdc.org/,"Hiren Vakharia
",Chief Technology Officer,http://www.linkedin.com/in/hirenvakharia
http://www.nmsdc.org/,"Ying McGuire
","Chief Executive Officer and President, Board Member",http://www.linkedin.com/in/yingmcguire
https://www.sprih.com,,,
https://baselayerhq.com/,Timothy Hyde,Co-founder & CTO,http://www.linkedin.com/in/timothy-hyde-65429889
https://baselayerhq.com/,Jonathan Awad,"Co-Founder, CEO",http://www.linkedin.com/in/jsawadd
https://baselayerhq.com/,John Jacobs,Co-Founder,http://www.linkedin.com/in/john-jacobs-56829a179
https://brevian.ai/,,,
https://www.vitaltech.com,,,
https://www.getflexpoint.com,,,
http://www.cognius.com/,,,
https://www.lokker.com/,Ian Cohen,Founder & CEO,http://www.linkedin.com/in/iandcohen
https://www.lokker.com/,Peter Joles,Head of Engineering,http://www.linkedin.com/in/peterjoles
https://www.lokker.com/,Mitch Schussler,CTO,http://www.linkedin.com/in/mitch-schussler-aa9a4b2b1
http://www.go-eka.com/,,,
https://www.crashoverride.com,,,
https://techgrid.com/,,,
http://buzzsolutions.co/,Kaitlyn Albertoli,CEO & Co-founder,http://www.linkedin.com/in/kaitlyn-claire-albertoli
http://buzzsolutions.co/,"Hammad Alvi
",Founder,http://www.linkedin.com/in/hammad-alvi-237b6726a
http://buzzsolutions.co/,Vikhyat Chaudhry,Founder,http://www.linkedin.com/in/vikhyatchaudhry
https://www.prescient-ai.io/,,,
https://phinsec.io/,,,
https://moonbeam.network/,,,
http://www.simulations-plus.com,"Brian Musser
",Senior Recruitment Manager,http://www.linkedin.com/in/brianmmusser
http://www.simulations-plus.com,Will Frederick,CFO and COO,http://www.linkedin.com/in/williamfrederick
http://www.simulations-plus.com,Erik Guffrey,Chief Technology & Solutions Officer,http://www.linkedin.com/in/erikguffrey
http://www.simulations-plus.com,Shawn Oconnor,Chief Executive Officer,http://www.linkedin.com/in/shawn-oconnor-7118908
https://www.flexnode.io,,,
https://clearbrief.com,,,
https://www.pump.co,Spandana Nakka,Founder & CEO,http://www.linkedin.com/in/spndn07
https://www.pump.co,Paul Russo,Chief of Staff,http://www.linkedin.com/in/paul-russo-
https://mallardbay.com/,,,
https://www.mermaidchart.com/,,,
https://nexis.network,,,
https://blackwellsecurity.com,Jaclyn Miller,"Co-Founder, President & Chief Operations Officer (COO)",http://www.linkedin.com/in/jaclynimiller
https://blackwellsecurity.com,"Jason Lee
",Co-Founder,http://www.linkedin.com/in/jalee1011
https://blackwellsecurity.com,Geyer Jones,Chief Executive Officer,http://www.linkedin.com/in/geyer-jones-30b144
https://blackwellsecurity.com,"Chris Bjugstad
",VP of Engineering,http://www.linkedin.com/in/chrisbjugstad
https://www.sprocketsecurity.com/,Matthew Howard,Global Head of Talent,http://www.linkedin.com/in/matthew-c-howard
https://www.sprocketsecurity.com/,"Casey Cammilleri
",CEO & Founder,http://www.linkedin.com/in/casey-cammilleri-51929a23
https://www.sprocketsecurity.com/,Gaurav Kulkarni,Chief Operating Officer,http://www.linkedin.com/in/gaurav-kulkarni-4214388
https://reach.security/,Colt Blackmore,Co-Founder and CTO,http://www.linkedin.com/in/coltb
https://reach.security/,"Garrett Hamilton
",Co-Founder and CEO,http://www.linkedin.com/in/garrett-hamilton-1222495b
https://ascentplatform.io/,,,
http://healthcarefoundry.com,,,
https://www.toku.com,Kenneth O'Friel,CEO & Co-founder,http://www.linkedin.com/in/kenneth-o-friel-234ab073
https://www.toku.com,Dominika Stobiecka,Co-Founder,http://www.linkedin.com/in/dom-stobiecka
http://www.spacetango.com/,,,
https://www.vizcom.ai,Kaelan Richards,Cofounder/CTO,http://www.linkedin.com/in/kaelanr
https://www.vizcom.ai,Jordan Taylor,Co-founder & CEO,http://www.linkedin.com/in/jordan-taylor-4490797a
https://www.vizcom.ai,Greg Blovits,Chief Operations Officer,http://www.linkedin.com/in/gregblovits
https://www.vizcom.ai,Eden McFadden,Head of People & Culture,http://www.linkedin.com/in/edenmcfadden
https://mimic.com,,,
https://www.circular.co,,,
https://www.sagetap.io,Kevin Hughes,Co-Founder,http://www.linkedin.com/in/kevinhcondon
https://www.sagetap.io,Sahil Khanna,Co-founder,http://www.linkedin.com/in/sahilkhanna208
https://refine.dev/,,,
https://www.disastertech.com/,,,
https://www.quintessent.com/,Alan Liu,CEO & Co-Founder,http://www.linkedin.com/in/alanyliu
https://www.quintessent.com/,Brian Koch,Vice President of Engineering,http://www.linkedin.com/in/brian-koch-b622978
https://dandelionhealth.ai,,,
https://niobiummicrosystems.com/,Katie Silver,Recruiter,http://www.linkedin.com/in/katie-silver-631511219
https://niobiummicrosystems.com/,Robert Wiltbank,Founder and Executive Board Chair (CEO from 2019-2022),http://www.linkedin.com/in/robert-wiltbank-00196
https://niobiummicrosystems.com/,Georgios Dimou,Co-founder & Head of Hardware,http://www.linkedin.com/in/georgios-dimou-77a6b43
https://niobiummicrosystems.com/,Matt Farrell,Chief Operating Officer,http://www.linkedin.com/in/mfarrelldayton
https://niobiummicrosystems.com/,David Archer,Chief Technology Officer,http://www.linkedin.com/in/davearcher0
https://niobiummicrosystems.com/,Brian Shirai,Software Engineering Manager,http://www.linkedin.com/in/brianshirai
https://niobiummicrosystems.com/,Kevin Yoder,President and CEO,http://www.linkedin.com/in/kevin-yoder-2ba895a
https://subeca.com/,,,
https://buildforce.com/,Michael Orcutt,Co-founder & CTO,http://www.linkedin.com/in/michael-orcutt-31823699
https://buildforce.com/,Hector Almanza,Talent Operations Manager,http://www.linkedin.com/in/hector-almanza-879b5580
https://buildforce.com/,Jose Arguelles,Talent Operations Manager,http://www.linkedin.com/in/jose-arguelles-927b16199
https://buildforce.com/,Patricia Almazan,Senior Talent Operations Manager,http://www.linkedin.com/in/patricia-almazan-6948b1227
https://buildforce.com/,Gabrielle Noe,Talent Operations Manager,http://www.linkedin.com/in/gabrielle-noe-96b580213
https://buildforce.com/,Vu Brown,Co-Founder & COO,http://www.linkedin.com/in/alexvubrown
https://buildforce.com/,Moody Heard,Co-Founder & CEO,http://www.linkedin.com/in/moody-heard-4a385570
https://nodeshift.com,,,
https://myota.io,,,
https://onenotary.us,Ivan Zinkov,Co-Founder/CEO,http://www.linkedin.com/in/ivan-zinkov-2946a252
https://onenotary.us,Pavlo Pechenyi,Chief Technology Officer,http://www.linkedin.com/in/pavlo-pechenyi
https://homium.io/,,,
https://www.datashapes.com,,,
https://www.ubicloud.com,,,
https://www.prophet.security,,,
https://www.withdaydream.com/,Thenuka Karunaratne,CEO and Co-Founder,http://www.linkedin.com/in/thenuka
https://www.withdaydream.com/,Wesley Sheh,Chief of Staff,http://www.linkedin.com/in/wesleysheh
https://www.withdaydream.com/,Shravan Rajinikanth,CTO & Co-Founder,http://www.linkedin.com/in/shravan-rajinikanth
https://superlinked.com,,,
https://www.cucollaborate.com/,,,
https://www.thefolklore.com,Amira Rasool,Founder & CEO ,https://www.linkedin.com/in/amira-rasool/
https://enerflo.io:443/,,,
https://pitchly.com,,,
https://prompt.io,Jason Spencer,Co-Founder,http://www.linkedin.com/in/jason-spencer-4615124
https://prompt.io,Dan Tramte,Founder of Score Follower & Solutions Engineer,http://www.linkedin.com/in/dan-tramte-5b6a51190
https://prompt.io,Phil Gordon,"CEO, Founder",http://www.linkedin.com/in/philnolimits
https://prompt.io,Barb Smith,Chief Operating Officer,http://www.linkedin.com/in/bsmithgordon
https://prompt.io,Scott Fortin,CTO,http://www.linkedin.com/in/scfortin
https://prompt.io,Mathew Sorensen,VP Engineering,http://www.linkedin.com/in/mathew-sorensen-471278233
https://simpleclosure.com/,,,
https://dosu.dev/,Devin Stein,Founder,http://www.linkedin.com/in/devin-stein-087148107
https://betterworld.org/,,,
https://www.peoplereign.io/,Matt Parker,Co-Founder & Head of Technology,http://www.linkedin.com/in/matthewdeanparker
https://www.peoplereign.io/,Dan Turchin,Chief Executive Officer,http://www.linkedin.com/in/dturch
http://www.voxelinnovations.com,,,
https://www.diagon.ai/,,,
https://halcyon.eco/,,,
https://www.zulupods.com,Daniella Sladen,Co-Founder and CTO,http://www.linkedin.com/in/daniellasladen
https://www.zulupods.com,Robert Sladen,Chairman & CEO,http://www.linkedin.com/in/robert-sladen-mba-9746b327
https://www.openpipe.ai/,David Corbitt,Co-Founder,http://www.linkedin.com/in/david-corbitt-16195b113
https://www.openpipe.ai/,Kyle Corbitt,Founder,http://www.linkedin.com/in/kyle-corbitt-9a988458
http://www.accelo.com,Glenn Fowler,"Co-founder, CTO, & Code Monkey",http://www.linkedin.com/in/glenn-fowler-47b37818
http://www.accelo.com,Eamonn Bell,Co-founder & Managing Director,http://www.linkedin.com/in/eamonn-bell-78a63721
http://www.accelo.com,Jim Culverwell,Senior Vice President of Engineering,http://www.linkedin.com/in/jimculverwell
http://www.accelo.com,Karen Sawyer,Chief Executive Officer,http://www.linkedin.com/in/karen-sawyer-b80b484
http://www.accelo.com,Kaitlin Gutrich,Senior Vice President of Operations,http://www.linkedin.com/in/kaitlin-gutrich-3732a588
http://www.guidetodoor.com/,,,
https://backpack.exchange,,,
https://www.moonflow.ai,,,
https://tryloop.ai/,Anand Karthik,Co-Founder,http://www.linkedin.com/in/anandkarthik
https://tryloop.ai/,Sundar Annamalai,Co-Founder,http://www.linkedin.com/in/sundar-annamalai-117658b6
https://tryloop.ai/,Vinod Pachipulusu,Co-Founder,http://www.linkedin.com/in/vinod-pachipulusu-5b42a828
https://www.jobpixel.com,,,
https://newhomesmate.com/,Jennifer Sola,Talent Acquisition Partner,http://www.linkedin.com/in/jennifer-sola-744a34232
https://newhomesmate.com/,Christina Caccavale,Head of People,http://www.linkedin.com/in/ccaccavale
https://newhomesmate.com/,Tetiana Hruzinska,Talent Partner,http://www.linkedin.com/in/tetiana-hruzinska-941283160
https://newhomesmate.com/,Sofia Vyshnevska,Co-Founder and COO,http://www.linkedin.com/in/sofia-vyshnevska-a42a10a3
https://newhomesmate.com/,Dan Hnatkovskyy,CEO and Co-founder,http://www.linkedin.com/in/dan-hnatkovskyy-03238a55
https://abstract.us,Mohammed Hayat,Co-Founder & CTO,http://www.linkedin.com/in/mjhayat
https://abstract.us,Pat Utz,Co-Founder & CEO,http://www.linkedin.com/in/patrick-utz
https://abstract.us,Matthew Chang,Co-Founder | Chief Operating Officer & Chief Product Officer,http://www.linkedin.com/in/itsmatthewchang
https://cyvl.ai/,Jennifer Neves,Talent Acquisition Lead,http://www.linkedin.com/in/jenniferneves
https://cyvl.ai/,Noah Budris,Co-Founder,http://www.linkedin.com/in/noah-budris-27b37a13b
https://cyvl.ai/,Daniel Pelaez,CEO,http://www.linkedin.com/in/d-pelaez
https://schematichq.com,,,
https://www.jurny.com/,,,
https://insanecyber.com,Dan Gunter,Founder & CEO,http://www.linkedin.com/in/dan-gunter
https://anthropos.work,Stefano Bellasio,CEO & Founder,http://www.linkedin.com/in/stefanobellasio
https://anthropos.work,Richard Jomaa,CEO,http://www.linkedin.com/in/richard-jomaa-36460b19
https://anthropos.work,Juan Munoz,Principal CEO,http://www.linkedin.com/in/juan-gabriel-restrepo-mu%c3%b1oz-3aa12128
https://www.drivego.com,,,
https://iask.ai/,,,
https://rainwalk.io/,,,
http://www.rallyuxr.com,Tim Menke,Co-founder and Chief Operating Officer,http://www.linkedin.com/in/tim-menke-781963ba
http://www.rallyuxr.com,Youngkyu Sung,Co-Founder and Chief Science Officer (CSO),http://www.linkedin.com/in/youngkyu-sung-07888a117
http://www.rallyuxr.com,Leon Ding,"Co-Founder, Head of Measurement and Calibration",http://www.linkedin.com/in/leon-ding-948239265
http://www.rallyuxr.com,Bharath Kannan,CEO,http://www.linkedin.com/in/bharath-kannan-78214478
http://www.rallyuxr.com,Simon Gustavsson,President and CTO,http://www.linkedin.com/in/simon-gustavsson-1a0200b6
https://parspec.io,,,
http://www.rallyuxr.com,Alec Robins,Co-Founder & CTO,http://www.linkedin.com/in/alecrobins
http://www.rallyuxr.com,Smith Danela,Professional Recruiter,http://www.linkedin.com/in/smith-danela-166b102bb
http://www.rallyuxr.com,Oren Friedman,Co-Founder & CEO,http://www.linkedin.com/in/oren-friedman-59b11a37
http://www.rallyuxr.com,Ugne Starkute,"Co-founder, researcher, educator",http://www.linkedin.com/in/ugn%c4%97-barbora-starkut%c4%97-97ab7288
https://www.telgorithm.com/,,,
https://www.condoit.io,,,
https://www.delightree.com/,,,
https://www.foundationhealth.com,,,
https://www.rapidcanvas.ai,,,
https://bettercomp.com,Derek Watson,CTO and Co-Founder,http://www.linkedin.com/in/derek-watson-7854703
https://bettercomp.com,Sandra Leon,Co-Founder and Chief Customer Officer,http://www.linkedin.com/in/sandra-leon-b405a4
https://bettercomp.com,Alan Miegel,Co-Founder and CEO at BetterComp,http://www.linkedin.com/in/alanmiegel
https://bettercomp.com,Jenny Wilkins,Head of People,http://www.linkedin.com/in/jennyberkedal
https://bettercomp.com,Spencer Chastain,Engineering Manager,http://www.linkedin.com/in/spencer-chastain-aaabaa5
https://bettercomp.com,Sierra Hogan,Talent Acquisition Partner (Consultant),http://www.linkedin.com/in/sierrahogan
https://www.ShipAngel.com,,,
https://prowler.com,,,
https://www.activatework.org/,Lorenzo Walter,Junior Recruiter,http://www.linkedin.com/in/lorenzo-walter-a008aa247
https://www.activatework.org/,Chris Magyar,Director of Talent Solutions,http://www.linkedin.com/in/christophermagyar
https://www.activatework.org/,Helen Hayes,Founder/CEO,http://www.linkedin.com/in/helen-young-hayes-86717327
https://www.activatework.org/,Kathryn Harris,President & COO & Managing Director Denver at Per Scholas,http://www.linkedin.com/in/kathryn-harris-0b26078
https://www.juicerpricing.com,,,
https://siftwell.ai/,,,
https://rapidfire.ai/,,,
https://peerdb.io/,,,
https://www.averlon.ai/,,,
https://www.CureMint.io,,,
https://indicio.tech,Trevor Butterworth,Co-founder and Vice President of Communications & Governance,http://www.linkedin.com/in/trevorwbutterworth
https://indicio.tech,Heather Dahl,Chief Executive Officer,http://www.linkedin.com/in/heathercdahl
https://indicio.tech,Ken Ebert,Chief Technology Officer,http://www.linkedin.com/in/ken-ebert
https://indicio.tech,Scott Harris,Vice President Business Operations,http://www.linkedin.com/in/scott-harris-292089136
https://www.auxahealth.com,,,
https://www.byrevive.com/,Nicole Dahan,Co-Founder,http://www.linkedin.com/in/nicole-dahan-a830a75a
https://www.byrevive.com/,Josefine Roeding,Co-Founder,http://www.linkedin.com/in/josefineroding
https://www.byrevive.com/,Shoaib Khan,CEO Founder,http://www.linkedin.com/in/shoaib-khan-3aa04923a
https://www.byrevive.com/,Adel Riffi,Founder @ Revive,http://www.linkedin.com/in/adelriffi
https://www.byrevive.com/,Rafael Hines,Chief Operating Officer,http://www.linkedin.com/in/rafael-john-alan-hines-55690013
https://www.byrevive.com/,Allison Lee,CEO,http://www.linkedin.com/in/allisonhyeinlee
http://www.procircular.com,,,
http://playbackhealth.com/,,,
https://www.stepsecurity.io,,,
https://kagi.com,,,
https://key.ai,,,
https://www.redcoat.ai,,,
https://www.mext.ai/,,,
https://www.assurified.com/,,,
https://www.xmentium.com,,,
https://www.campnetwork.com,,,
https://defli.xyz,,,
https://www.teren4d.com/,,,
https://www.monitapp.io,,,
https://www.amplifiersecurity.com,,,
https://fraudprotectionnetwork.com/,,,
https://www.instantconnectnow.com,Matt Defano,Vice President of Engineering,http://www.linkedin.com/in/defano
https://www.instantconnectnow.com,Forrest Claypool,"CEO, Instant Connect Software",http://www.linkedin.com/in/forrest-claypool-62b52a15b
https://www.coreform.com/,,,
https://www.kefrobotics.com/,Eric Amoroso,Co-Founder,http://www.linkedin.com/in/eric-amoroso-2253a7b5
https://www.kefrobotics.com/,Fraser Kitchell,Cofounder and CEO,http://www.linkedin.com/in/fraser-kitchell-670a671a
https://www.kefrobotics.com/,Kerry Snyder,Co-founder,http://www.linkedin.com/in/kerry-snyder-8a68a434
https://www.kefrobotics.com/,Olga Pogoda,Chief Operating Officer,http://www.linkedin.com/in/olgapogoda
https://inpleo.com,,,
https://sutro.xyz/,,,
https://heyday.xyz,,,
https://www.circleback.com,,,
https://www.withremark.com,Ian Patterson,Co-Founder / Sales Director,http://www.linkedin.com/in/ian-patterson-93097b149
https://www.withremark.com,Theo Satloff,Co-founder & CEO,http://www.linkedin.com/in/theo-satloff-73088943
http://www.opportunityjunction.org/,,,
https://vizzu.io/,,,
https://bookend.ai,,,
https://bluworks.io,,,
https://getmobly.com,,,
https://clictell.com,,,
https://www.beachyapp.com/en,,,
https://www.devii.io,,,
https://www.propense.ai/,,,
https://www.rootnote.co,,,
https://limbik.com,,,
https://www.cedara.io/,,,
https://codified.io,Yatharth Gupta,Founder & CEO,http://www.linkedin.com/in/yatharth
https://codified.io,Stefan Batres,Director of Engineering,http://www.linkedin.com/in/stefanbatres
https://mermaidchartpro.com/,,,
https://www.plotline.so/,,,
https://auguria.io,,,
https://www.nightvision.net/,,,
https://www.blockfenders.com,,,
https://www.obsidiansensors.com/,,,
https://www.chaosgenius.io,,,
https://www.trakid.com/,,,
https://www.getzep.com/,Daniel Chalef,Founder,https://www.linkedin.com/in/danielchalef/
https://www.getzep.com/,Andre Adeyemi,Chief of Staff,https://www.linkedin.com/in/andreadeyemi/
https://www.tryloop.ai/,Anand Karthik,Co-Founder,http://www.linkedin.com/in/anandkarthik
https://www.tryloop.ai/,Sundar Annamalai,Co-Founder,http://www.linkedin.com/in/sundar-annamalai-117658b6
https://www.tryloop.ai/,Vinod Pachipulusu,Co-Founder,http://www.linkedin.com/in/vinod-pachipulusu-5b42a828
https://www.arcspan.com/,,,
https://www.quantibly.com,,,
https://meshmycampus.com,,,
https://bettrdata.io,,,
https://www.finpilot.ai,,,
https://bluebean.ai,,,
http://higher.digital,,,
https://moonware.com,Saunon Malekshahi,Founder & CTO,http://www.linkedin.com/in/smalekshahi
https://moonware.com,Javier Vidal,Founder & CEO,http://www.linkedin.com/in/javier-vidal
https://opentug.com/,,,
https://www.hopae.com,,,
http://www.circleoptics.com,,,
https://www.bsd.education,,,
https://www.tappa.com/,,,
https://www.mathbrix.com,,,
https://www.profi.io,,,
https://symitri.com/,,,
http://helicityspace.com,,,
https://www.micronpure.com/,,,
https://supersearchx.com/,,,
https://smartbarrel.io,,,
https://www.stxn.io,Natalia Pena,Chief Executive Officer,http://www.linkedin.com/in/natalia-m%c3%bcller-pe%c3%b1a-7709a6308
https://www.solstarspace.com/,Brian Barnett,"Founder, President/CEO",http://www.linkedin.com/in/brian-barnett-aa7137
https://www.addglow.com/,,,
https://www.alphaledger.com,,,
https://neuralfabric.ai/,,,
https://treintbusiness.com,,,
http://www.goivee.com/,,,
https://thriftly.com/,,,
https://www.sifthub.io/,,,
https://sobet.io,Ron Reeves,CTO and Co-founder,http://www.linkedin.com/in/rnreeves
https://sobet.io,Cooper Lycan,Founder/CEO,http://www.linkedin.com/in/cooperlycan
https://sobet.io,Bhavik Mistry,Head of Engineering,http://www.linkedin.com/in/bhavikmistry
https://www.reo.dev/,,,
http://www.hatch.ai,,,
http://www.zoomph.com,John Seaman,Head Of Engineering,http://www.linkedin.com/in/john-seaman-93a97952
http://www.zoomph.com,James Ho,"Vice President, Operations",http://www.linkedin.com/in/jamesho00
http://www.zoomph.com,Thomas Mathew,Chief Technology Officer,http://www.linkedin.com/in/thomasmathew
http://www.zoomph.com,Amir Zonozi,Chief Executive Officer,http://www.linkedin.com/in/zonozi
https://www.hoonify.com/,,,
https://resonance.security,Charles Dray,Founder & CEO,http://www.linkedin.com/in/charlesdray
https://xsqrd.io,,,
https://cardamom.health,,,
https://www.station70.com/,,,
https://www.transcrypts.com,,,
https://www.bleachcyber.com,,,
http://www.optiyol.com,Ozan Goezbasi,Co-Founder and Chief Algorithms Officer,http://www.linkedin.com/in/ozangozbasi
http://www.optiyol.com,Tuba Yilmaz-Gozbasi,Co-Founder,http://www.linkedin.com/in/tuba-yilmaz-gozbasi
http://www.optiyol.com,Turan Ozen,CTO,http://www.linkedin.com/in/turanozen
https://wisprsystems.com/,Conor Ferguson,"CTO, Member of the Board, Co-Founder",http://www.linkedin.com/in/conor-ferguson-3a2334124
https://wisprsystems.com/,John Reece,Chief Executive Officer and Board Member,http://www.linkedin.com/in/john-reece-25b5b34
http://www.glimpseahead.ai,,,
https://www.helloworldcs.org/,,,
http://medgeo.com,,,
http://www.robotnose.net,,,
https://churnkey.co/,Rob Moore,Founder & CTO,http://www.linkedin.com/in/rob-moore
https://churnkey.co/,Scott Hurff,Co-founder & Chief Product Officer,http://www.linkedin.com/in/scotthurff
https://churnkey.co/,Nick Fogle,Founder & CEO,http://www.linkedin.com/in/nickfogle
https://churnkey.co/,Jay Nathan,Chief Operating Officer,http://www.linkedin.com/in/jaynathan
https://www.automationintellect.com,,,
http://www.ubiterra.com,,,
https://muuktest.com/,Ivan Varga,CEO + Co-Founder,http://www.linkedin.com/in/ivanbarajasvargas
https://muuktest.com/,Renan Ugalde,CTO & Software Engineer (AI/ML) & Entrepreneur,http://www.linkedin.com/in/renan-ugalde-658aab93
https://muuktest.com/,Ana Peralta,Chief of staff,http://www.linkedin.com/in/aperalta
http://www.haptic.works/,,,
https://eqtble.com/,,,
https://www.ratings.eco,,,
https://paladincloud.io,"Steve Hull
",Co-Founder & CTO,http://www.linkedin.com/in/stevehull2
https://paladincloud.io,Daniel Deeney,Co-Founder & CEO,http://www.linkedin.com/in/daniel-deeney-16833a27
http://www.inspace.app,Elena Beloshapkova,CEO & Founder,http://www.linkedin.com/in/elenabeloshapkovaofficial
http://www.inspace.app,Askar Abildaev,Chief Technology Officer,http://www.linkedin.com/in/askar-abildaev-97929a78
https://travelsist.com,Veronica Woodruff,CEO,http://www.linkedin.com/in/veronica-woodruff
https://www.clicktivated.com,,,
https://marssuite.com,,,
https://www.superbshifts.com/,,,
https://simplesense.io,,,
https://www.holograph.xyz,,,
https://www.softhread.com,,,
http://groupsense.io,,,
https://www.limelighthq.com/,,,
https://streamprotocol.money,,,
https://www.gesund.ai,Enes Hosgoer,CEO & Founder,http://www.linkedin.com/in/eneshosgor
http://sigscalr.io,,,
https://www.nodekit.xyz/,,,
https://idion.us/,,,
https://arch0.com,,,
https://inceptionrobotics.ai,,,
https://www.bloomertech.com/,,,
https://www.luminolabs.ai,Eshan Chordia,Co-Founder,http://www.linkedin.com/in/echordia
https://www.luminolabs.ai,Yogesh Darji,Co-Founder,http://www.linkedin.com/in/yogeshdarji
https://www.culiftfund.com,,,
https://thoras.ai,,,
https://groupups.com,,,
https://eyris.tech,,,
https://sentriqs.com,,,
https://thehemera.com/main/home,,,
https://wrangld.com/,,,
https://www.zencentiv.com/,,,
http://casaperks.com/,,,
https://drhouse.com,,,
https://agrifulsoftware.com/,,,
http://doctornow.io,,,
http://astrileux.com,,,
https://codeacsolutions.com/,,,
http://verinetics.com/,,,
https://www.moby.co,,,
https://prologuedigital.com/index.html,,,
https://www.amphystech.com/,,,
http://www.boardwalktech.com,,,
http://www.spectra7.com,,,
https://www.hippocraticai.com,Karrin Barrieau,Senior Talent Acquisition & People Operations Manager,http://www.linkedin.com/in/karrinpbarrieau
https://www.hippocraticai.com,Scott Purcell,Recruiter,http://www.linkedin.com/in/scottrpurcell
https://www.hippocraticai.com,Harpreet Mangat,Chief of Staff,http://www.linkedin.com/in/hmangat
https://www.hippocraticai.com,Sanchay Harneja,Head of Engineering,http://www.linkedin.com/in/sanchay-harneja
https://www.lightdash.com,Oliver Laslett,Co-Founder & CTO,http://www.linkedin.com/in/olaslett
https://www.lightdash.com,Hamzah Chaudhary,Co-Founder & CEO,http://www.linkedin.com/in/hamzahc
https://covu.com/,Latoya Jones,Senior Talent Acquisition Specialist,http://www.linkedin.com/in/latoya-jones-82938a24a
https://covu.com/,Don Loonam,COO,http://www.linkedin.com/in/don-loonam-64a4436
https://covu.com/,Jose Fernandez,Head of Operations,http://www.linkedin.com/in/jose-fernandez-602809188
https://www.liveflow.io,Kiera Cox,Lead Recruiter,http://www.linkedin.com/in/kiera-cox
https://www.liveflow.io,Evan O'Brien,Co-founder & CTO,http://www.linkedin.com/in/evan-o-brien-a7b04b52
https://www.liveflow.io,Anita Koimur,Co-founder and COO,http://www.linkedin.com/in/anitakoimur
https://www.liveflow.io,Lasse Kalkar,Founder & CEO,http://www.linkedin.com/in/lasse-kalkar-823628a6
https://www.liveflow.io,Andy Dhanraj,Chief of Staff,http://www.linkedin.com/in/andydhanraj
https://ampup.io,Ranveer Thakur,Senior Talent Acquisition Consultant,http://www.linkedin.com/in/ranveer-thakur-55657817b
https://ampup.io,Tom Sun,Founder,http://www.linkedin.com/in/thomas-sun
https://ampup.io,David Jackson,Chief Operating Officer,http://www.linkedin.com/in/david-jackson-656378
https://ampup.io,Ganeshram Nagarajan,Vice President of Engineering,http://www.linkedin.com/in/ganeshram
https://ampup.io,Daniela Gonzalez,Director of Operations,http://www.linkedin.com/in/daniela-gonzalez-5947a6131
https://www.marqvision.com,Josh Kim,"Senior Talent Acquisition Manager, Global",http://www.linkedin.com/in/grownowjosh
https://www.marqvision.com,DK Lee,Founder & Chief Business Officer,http://www.linkedin.com/in/dk-do-kyung-lee-99745540
https://www.marqvision.com,Mark Lee,CEO & Co-Founder,http://www.linkedin.com/in/insup
https://www.marqvision.com,Sean Lee,Global Head of People,http://www.linkedin.com/in/seanhyunlee
https://www.marqvision.com,Rina Bae,Director of People,http://www.linkedin.com/in/rina-bae-a902852b
http://laravel.com,Thomas Crary,President & COO,http://www.linkedin.com/in/thomas-crary-01246510
http://laravel.com,Andre Valentin,Director of Engineering,http://www.linkedin.com/in/anval
http://laravel.com,Taylor Otwell,Chief Executive Officer,http://www.linkedin.com/in/taylorotwell
https://www.gc-tx.com,Parastoo Khoshakhlagh,CEO & Co-Founder,http://www.linkedin.com/in/parastookh
https://www.radiantgraph.com,Anmol Madan,Founder & CEO,http://www.linkedin.com/in/anmolmadan
https://www.davidenergy.com,Brett Lotito,Chief Operating Officer,http://www.linkedin.com/in/brett-lotito-16161761
https://www.davidenergy.com,Vivek Bhagwat,Head of Engineering,http://www.linkedin.com/in/vivekbhagwat
https://www.davidenergy.com,Sam Strasser,CTO,http://www.linkedin.com/in/sam-strasser-17490928
https://www.davidenergy.com,Patty Nosal,Director Of Operations,http://www.linkedin.com/in/pattynosal
https://milaboratories.com/,Dmitriy Bolotin,"Chief Technology Officer, Co-founder",http://www.linkedin.com/in/dmitriy-bolotin-5b84b461
https://milaboratories.com/,Dmitriy Chudakov,"Chief Scientific Officer, Co-founder",http://www.linkedin.com/in/dmitriy-chudakov-phd
https://milaboratories.com/,Alexey Nechaev,Chief Operating Officer,http://www.linkedin.com/in/nechaef
https://milaboratories.com/,Stanislav Poslavsky,"Chief Executive Officer, Co-founder",https://www.linkedin.com/in/stanislav-poslavsky/
https://distributional.com/,Michael McCourt,Co-Founder and CTO,http://www.linkedin.com/in/michael-mccourt-6347b11a4
https://distributional.com/,Scott Clark,Co-founder and CEO,http://www.linkedin.com/in/sc932
https://distributional.com/,Keith Laban,Co-Founder | Head of Engineering,http://www.linkedin.com/in/k317h
https://distributional.com/,Renaud Bourassa,Co-Founder | Chief Architect,http://www.linkedin.com/in/renaudbourassa
https://distributional.com/,Tobias Andreasen,Co-Founder | Customer Engineering,http://www.linkedin.com/in/andreasen-tobi
https://distributional.com/,Nick Payton,Co-Founder & CRO,http://www.linkedin.com/in/nick-payton-1929977
https://www.flexfactor.io,Zeev Shoval,Co-Founder,http://www.linkedin.com/in/zeevshoval
https://www.flexfactor.io,Elio Vitucci,CEO,http://www.linkedin.com/in/eliovitucci
https://www.kailera.com,Ron Renaud,President & CEO,https://www.linkedin.com/in/ron-renaud-6949821/
https://www.ardatx.com,Remi-Martin Laberge,"Co-founder, CTO",http://www.linkedin.com/in/remi-martin-laberge-a0b06b3b
https://www.ardatx.com,Adam Freund,Founder and CEO,http://www.linkedin.com/in/adam-freund-0657654
https://www.harmonic.security,Alastair Paterson,CEO and co-founder,http://www.linkedin.com/in/alastair-paterson-2586445
https://www.harmonic.security,Will Jones,VP Operations,http://www.linkedin.com/in/will-jones-0185b454
https://www.harmonic.security,Ben Gilbert,VP of Engineering,http://www.linkedin.com/in/ben-gilbert-87ba6b26b
https://valdera.com/,Dheev Arulmani,Co-founder & COO,http://www.linkedin.com/in/dheevarulmani
http://www.rezilienthealth.com,Jeff Gamble,Founder & COO,http://www.linkedin.com/in/jeffrey-gamble-6a82a264
http://www.rezilienthealth.com,Benjamin Wilson,Chief of Staff,http://www.linkedin.com/in/benjaminhwilson
http://www.rezilienthealth.com,Danish Nagda,Founder and CEO,http://www.linkedin.com/in/nagda
http://www.corvus-robotics.com/,Jackie Wu,Founder/CEO,http://www.linkedin.com/in/wujackie
http://www.corvus-robotics.com/,Mohammed Kabir,Co-Founder/CTO,http://www.linkedin.com/in/mohammed-kabir-691a1b136
https://claim.co,Tap Stephenson,Co-Founder & CTO,http://www.linkedin.com/in/tapleystephenson
https://claim.co,Sam Obletz,Co-Founder & CEO,http://www.linkedin.com/in/samobletz
https://www.momos.com,Divyashree Honavar,Head of People,http://www.linkedin.com/in/divyashree-honavar
https://www.momos.com,Andrew Liu,Co-Founder,http://www.linkedin.com/in/andrew-liu-2577331b
https://www.momos.com,Sai Alluri,Co-Founder & CEO,http://www.linkedin.com/in/sai-alluri-51b53b61
https://azragames.com,Prince B.,Chief of Staff,http://www.linkedin.com/in/princebarron
https://azragames.com,Mark Otero,CEO / Founder,http://www.linkedin.com/in/markotero
https://azragames.com,Angelica Vieyra,"Sr. Operations, Recruiting",http://www.linkedin.com/in/angelica-vieyra-284a0130a
https://azragames.com,Jon M.,"VP Operations, Game COO",http://www.linkedin.com/in/mobiledevpro
https://azragames.com,Travis Boudreaux,Co-Founder & CTO,http://www.linkedin.com/in/travisboudreaux
https://noetica.ai/,Daniel Wertman,Co-Founder & CEO,http://www.linkedin.com/in/daniel-wertman-89225a3a
https://noetica.ai/,Yoni Sebag,Co-Founder & COO,http://www.linkedin.com/in/yonisebag
https://noetica.ai/,Tom Effland,Co-Founder & CTO,http://www.linkedin.com/in/tomeffland
https://noetica.ai/,Austin Montgomery,VP of Engineering,https://www.linkedin.com/in/austin-m-montgomery/
https://www.e6data.com,Srinath Prabhu,Co-Founder / Head of Devops,http://www.linkedin.com/in/srinath-prabhu
https://www.e6data.com,Vishnu Vasanth,Co-Founder and CEO,http://www.linkedin.com/in/vishnu-vasanth-5329233
https://www.e6data.com,Vinola Mercy,Talent Acquisition Lead,http://www.linkedin.com/in/vinola-mercy-06317a194
https://www.e6data.com,Adishesh Kishore,Co-Founder and CTO,http://www.linkedin.com/in/adishesh-kishore-0b34823b
https://harmonic.fun,Vlad Tenev,"Co-Founder, Executive Chairman",http://www.linkedin.com/in/vlad-tenev-7037591b
https://harmonic.fun,Tudor Achim,Cofounder & CEO,http://www.linkedin.com/in/tudorachim
https://www.revefi.com,Sanjay Agrawal,Cofounder & CEO,http://www.linkedin.com/in/sanjayagrawaliitk
https://www.revefi.com,Shashank Gupta,"CTO, Cofounder",http://www.linkedin.com/in/guptashashank
https://www.revefi.com,Vikram Verma,"Head of Engineering, Site Leader",http://www.linkedin.com/in/vikramverma
https://truthset.io/,Scott McKinley,Founder and CEO,http://www.linkedin.com/in/scottmmckinley
https://www.airops.com,Alex Halliday,CEO,http://www.linkedin.com/in/alexhalliday
https://www.airops.com,Matt Hammel,Co-founder and COO,http://www.linkedin.com/in/matt-hammel-84a38054
https://www.airops.com,Berna Gonzalez,CTO & Co-Founder,http://www.linkedin.com/in/bernabe9
https://www.unifygtm.com/?utm_source=crunchbase,Austin Hughes,"Co-Founder, CEO",http://www.linkedin.com/in/austin-hughes-5228a559
https://www.unifygtm.com/?utm_source=crunchbase,Connor Heggie,"Co-Founder, CTO",http://www.linkedin.com/in/connor-heggie
https://www.glaciergrid.com/,Manik Suri,Founder and CEO,http://www.linkedin.com/in/maniksuri
https://zenlytic.com/,Ryan Janssen,CEO,http://www.linkedin.com/in/janssenryan
https://zenlytic.com/,Paul Blankley,Founder/CTO,http://www.linkedin.com/in/paul-blankley-086095103
https://ripplcare.com,Teri Bickford,Senior Recruiter,http://www.linkedin.com/in/teri-bickford-19ab2421
https://ripplcare.com,Kris Engskov,Co-Founder & CEO,http://www.linkedin.com/in/kris-engskov-315b4
https://ripplcare.com,Susan Ray,Chief Operating Officer,http://www.linkedin.com/in/susan-ray-81ab154
https://ripplcare.com,Bria Ward,"VP, People & Culture",http://www.linkedin.com/in/bria-ward-7171ab3
https://ripplcare.com,Josh Ettwein,Vice President of Engineering,http://www.linkedin.com/in/joshettwein
https://ripplcare.com,Sam Davies,Director of Engineering,http://www.linkedin.com/in/samkdavies
https://ripplcare.com,Micheal Phillips,Vice President Operations,http://www.linkedin.com/in/micheal-phillips-a5845737
https://sigoseguros.com,Julio Erdos,COO & Co-Founder,http://www.linkedin.com/in/julio-erdos-3142b442
https://sigoseguros.com,Nestor Solari,Co-Founder & CEO,http://www.linkedin.com/in/nestorhugosolari
https://sigoseguros.com,Katie Upton,Chief of Staff,http://www.linkedin.com/in/kathrynupton
https://sigoseguros.com,Sergio M.,VP of Engineering,http://www.linkedin.com/in/smartinsantos
http://mercor.com,Brendan Foody,"Chief Recruiter, Co-Founder",http://www.linkedin.com/in/brendan-foody-2995ab10b
http://mercor.com,Adarsh Hiremath,Co-founder / CTO,http://www.linkedin.com/in/adarsh-h-623941204
http://mercor.com,Dhawal Dixit,Mercor Talent,http://www.linkedin.com/in/dhawal-dixit-1856a6236
https://www.aceup.com,Pat Shreckengast,Co-Founder,http://www.linkedin.com/in/patshreck
https://www.aceup.com,Rohit Begani,CTO/Acting-COO,http://www.linkedin.com/in/rohitbegani
https://www.aceup.com,Tommy Powell,Head of People Analytics,http://www.linkedin.com/in/tommy-powell-4198401
https://www.segmed.ai/,Adam Koszek,Cofounder/CTO,http://www.linkedin.com/in/wkoszek
https://www.segmed.ai/,Michelle Imhoff,Head of Talent,http://www.linkedin.com/in/michelleimhoff
https://www.segmed.ai/,Amy Lee,Head of Talent,http://www.linkedin.com/in/amy-lee-1a5288146
https://www.segmed.ai/,Martin Willemink,Co-Founder & CEO,http://www.linkedin.com/in/martin-willemink
https://www.segmed.ai/,Jie W.,Cofounder/Chief Commercial officer/ Chief Data Officer,http://www.linkedin.com/in/jie-w-467600b3
https://www.segmed.ai/,Diandra Connolly,Chief of Staff,http://www.linkedin.com/in/diandraconnolly
https://www.segmed.ai/,Garth Schulz,COO & CFO,http://www.linkedin.com/in/garth-schulz-9705a547
https://distyl.ai/,Christina H.,Technical Recruiter,http://www.linkedin.com/in/christina-h-9a14981
https://distyl.ai/,Derek Ho,"Co-Founder, COO",http://www.linkedin.com/in/derek-ho-distyl
https://distyl.ai/,Arjun Prakash,"Co-founder, CEO",http://www.linkedin.com/in/arjunsprakash
https://distyl.ai/,Isaak Garber,Chief of Staff,http://www.linkedin.com/in/isaak-garber-61b0bb126
http://www.greenlite.com,Alex Amati,Talent Acquisition & People Operations,http://www.linkedin.com/in/alex-amati-798a6166
http://www.greenlite.com,Benjamin Allen,Co-Founder & COO,http://www.linkedin.com/in/bendallen
http://www.greenlite.com,James Gallagher,CEO & Co-Founder,http://www.linkedin.com/in/james-gallagher-8782837
http://www.greenlite.com,Nathan Burgess,Co-Founder and Founding Software Engineer,http://www.linkedin.com/in/nathan-burgess-709572
http://www.greenlite.com,Carly Adams,Chief of Staff,http://www.linkedin.com/in/carly-adams-826966151
https://www.superluminalrx.com,Ajay Yekkirala,"Co-Founder and SVP, Head of Discovery",http://www.linkedin.com/in/ajay-yekkirala-phd-08b62720
https://www.superluminalrx.com,Cony D'Cruz,Chief Executive Officer,http://www.linkedin.com/in/cony-d-cruz-75167128b
https://www.superluminalrx.com,Yang-Ming Zhu,"SVP, Head of Engineering (Artificial Intelligence and Machine Learning)",http://www.linkedin.com/in/yangmingzhu
https://www.superluminalrx.com,Murco Ringnalda,"SVP, Head of Operations",http://www.linkedin.com/in/murco-ringnalda-52a7323
https://www.meetnirvana.com,Urvish Parikh,Co-Founder/CTO,http://www.linkedin.com/in/urvish-parikh-1534442a
https://www.meetnirvana.com,Akshay Venkitasubramanian,CEO/Co-founder,http://www.linkedin.com/in/akshayvs
https://www.meetnirvana.com,Kelvin Chan,"Co-Founder, CPO & President",http://www.linkedin.com/in/kelvin-k-chan-9222232b
https://www.meetnirvana.com,Zac Benton,Founder,http://www.linkedin.com/in/zac-benton-248453106
https://www.meetnirvana.com,Riya Dedhia,Co-Founder,http://www.linkedin.com/in/riya-dedhia-364a35162
https://www.meetnirvana.com,Anand Patel,CEO,http://www.linkedin.com/in/anand-patel-690aab21
https://www.meetnirvana.com,Jimmy Gill,Chief Executive Officer,http://www.linkedin.com/in/jimmy-gill-11a86b29a
https://goknit.com/,Aneesh Dhawan,Founder and CEO,http://www.linkedin.com/in/aneesh-dhawan-140212141
https://goknit.com/,Raahish Kalaria,Chief Technology Officer,http://www.linkedin.com/in/raahish
https://trypallet.com,Sam Sumiya,Technical Recruiter,http://www.linkedin.com/in/chenerychen
https://trypallet.com,Sai Vitthal,Founding Recruiter (India),http://www.linkedin.com/in/sai-vitthal-a53961142
https://trypallet.com,Andrew Spencer,Co-Founder,http://www.linkedin.com/in/andrewjspencer
https://trypallet.com,Sushanth Raman,Co-Founder/CEO,http://www.linkedin.com/in/sushanth-raman-87a81a62
https://trypallet.com,Austin Zheng,Chief of Staff,http://www.linkedin.com/in/austin-zheng-66613995
https://trypallet.com,Alexei Schiopu,Head of Engineering,http://www.linkedin.com/in/alexei-schiopu
https://fathom.video,Nick Kraft,Head of Engineering,http://www.linkedin.com/in/nicholasakraft
https://dubclub.win/,Lewis Burik,Co-Founder & COO,http://www.linkedin.com/in/lewis-burik
https://dubclub.win/,Ryan Gaertner,CEO + Head of Product,http://www.linkedin.com/in/ryan-gaertner-86225695
https://thatch.ai,Chris Ellis,Co-founder & CEO,http://www.linkedin.com/in/chris-ellis-13867358
https://thatch.ai,George Guarnieri,Chief of Staff,http://www.linkedin.com/in/george-guarnieri-451b57171
https://thatch.ai,Kristina Shia,Head of Engineering,http://www.linkedin.com/in/kristinashia
https://thatch.ai,Chris Gunnels,CTO/Vice President of Engineering,http://www.linkedin.com/in/chrisgunnels
https://www.permissionless-labs.com/,David R.,Founder and CEO,https://www.linkedin.com/in/davidrhodus/
https://operant.ai,Priyanka Tembey,Co-Founder & CTO,http://www.linkedin.com/in/priyanka-tembey-a1947611
https://operant.ai,Ashley Roof,Co-Founder,http://www.linkedin.com/in/ashleyroof
https://operant.ai,Vrajesh Bhavsar,CEO & Co-founder,http://www.linkedin.com/in/vrajeshio
https://trycreate.co,Dan McCormick,Co-Founder and CEO,http://www.linkedin.com/in/dan-mccormick-969117101
https://craftwork.com,Joey Skavroneck,Co-founder,http://www.linkedin.com/in/joeyskavroneck
https://craftwork.com,Suzanne Griffin,"Co-founder, COO",http://www.linkedin.com/in/suzannelevygriffin
https://craftwork.com,Tim Griffin,"Co-founder, CEO",http://www.linkedin.com/in/griffintimothy
https://craftwork.com,Mike Bifulco,"Co-founder, CTO",https://www.linkedin.com/in/mbifulco/
https://craftwork.com,Omar Salomon,Co-Founder,https://www.linkedin.com/in/omarsalomon1990
https://www.knotapi.com/,Rory O'Reilly,CEO and Co-Founder,http://www.linkedin.com/in/rory-o-reilly-9376a660
https://www.knotapi.com/,Hannah Suh,Chief of Staff,http://www.linkedin.com/in/hannah-suh-535a77b0
https://www.knotapi.com/,John C.,Head of Engineering,http://www.linkedin.com/in/williamcruzme
https://www.knotapi.com/,Kieran O'Reilly,Co-Founder,https://www.linkedin.com/in/kieran-o-reilly-4ba95650/
https://www.reprally.com/,Justin Donovan,"CEO, Co-Founder",http://www.linkedin.com/in/justin-donovan-6ab25a113
https://www.reprally.com/,Daryn Lam,Co-Founder,http://www.linkedin.com/in/darynlam
https://www.reprally.com/,Cody Catacutan,Recruiter,http://www.linkedin.com/in/hicodyncatacutan
https://thecalifornianaturals.com,Kirsten Tobasco,Recruiter,http://www.linkedin.com/in/kirsten-tobasco-471929129